Uuid,Name,Description,Void/Retire,Program concept
${program.anc.uuid},ANC,Antenatal Care Program,true,CIEL:165475
${program.asthma.uuid},Asthma,Asthma Program,true,PIH:Asthma Program
${program.ayfs.uuid},AYFS,AYFS Program,true,PIH:13176
${program.diabetes.uuid},Diabetes,Diabetes Program,true,PIH:Diabetes Program
${program.epilepsy.uuid},Epilepsy,Epilepsy Program,true,PIH:Epilepsy program
${program.familyPlanning.uuid},Family Planning,Family Planning Program,true,PIH:8853
${program.gynecology.uuid},Gynecology,Gynecology Program,true,PIH:13254,
${program.hypertension.uuid},Hypertension,Hypertension Program,true,PIH:Hypertension program
${program.infant.uuid},Infant,Infant Program,true,PIH:3594
${program.malnutrition.uuid},Malnutrition,Malnutrition Program,true,PIH:MALNUTRITION PROGRAM
${program.ovc.uuid},OVC,USAID orphans and vulnerable children program,true,PIH:OVC PROGRAM
${program.pmtct.uuid},PMTCT,PMTCT Program,true,PIH:1647
${program.pregnancy.uuid},Pregnancy,Pregnancy Program,true,PIH:6143
${program.pregnancyMentalHealth.uuid},Pregnancy Mental Health,Pregnancy Mental Health Program,true,PIH:15000
${program.tb.uuid},TB,Tuberculosis Program,true,CIEL:160541